site_id,year,richness
1000,2017,475
1011,2017,475
1012,2017,475
1014,2017,475
1015,2017,475
1016,2017,475
1017,2017,475
1018,2017,475
1020,2017,475
1021,2017,475
1023,2017,475
1024,2017,475
1025,2017,475
1026,2017,475
1027,2017,475
1032,2017,475
1033,2017,475
1034,2017,475
1035,2017,475
1036,2017,475
1039,2017,475
1041,2017,475
1043,2017,475
1044,2017,475
1045,2017,475
1046,2017,475
1047,2017,475
1048,2017,475
1049,2017,475
1050,2017,475
1051,2017,475
1052,2017,475
1053,2017,475
1055,2017,475
1056,2017,475
1057,2017,475
1059,2017,475
1060,2017,475
1061,2017,475
1062,2017,475
1063,2017,475
1064,2017,475
1065,2017,475
1066,2017,475
1067,2017,475
1068,2017,475
1069,2017,475
1070,2017,475
1071,2017,475
1072,2017,475
1073,2017,475
1074,2017,475
1075,2017,475
1076,2017,475
1077,2017,475
1085,2017,475
1086,2017,475
1088,2017,475
1089,2017,475
1090,2017,475
1091,2017,475
1092,2017,475
1093,2017,475
1095,2017,475
1098,2017,475
1099,2017,475
1100,2017,475
1101,2017,475
1104,2017,475
1105,2017,475
1106,2017,475
1107,2017,475
1108,2017,475
1109,2017,475
1110,2017,475
1111,2017,475
1112,2017,475
1113,2017,475
1115,2017,475
1119,2017,475
1120,2017,475
1121,2017,475
1122,2017,475
1124,2017,475
1125,2017,475
1126,2017,475
1132,2017,475
1133,2017,475
1134,2017,475
1136,2017,475
1138,2017,475
1140,2017,475
1141,2017,475
1142,2017,475
1143,2017,475
1146,2017,475
1149,2017,475
1151,2017,475
1163,2017,475
1176,2017,475
1178,2017,475
1179,2017,475
1180,2017,475
1181,2017,475
1182,2017,475
1183,2017,475
1184,2017,475
1186,2017,475
1187,2017,475
1190,2017,475
1191,2017,475
1192,2017,475
1193,2017,475
1195,2017,475
1196,2017,475
1197,2017,475
1198,2017,475
1199,2017,475
1200,2017,475
1201,2017,475
1203,2017,475
1204,2017,475
1205,2017,475
1206,2017,475
1207,2017,475
1208,2017,475
1210,2017,475
1211,2017,475
1212,2017,475
1213,2017,475
1214,2017,475
1215,2017,475
1216,2017,475
1217,2017,475
1218,2017,475
1221,2017,475
1222,2017,475
1223,2017,475
1224,2017,475
1226,2017,475
1227,2017,475
1228,2017,475
1229,2017,475
1236,2017,475
1241,2017,475
1243,2017,475
1246,2017,475
1266,2017,475
1274,2017,475
1277,2017,475
1278,2017,475
1291,2017,475
1293,2017,475
1297,2017,475
1298,2017,475
1302,2017,475
1316,2017,475
1328,2017,475
1348,2017,475
1349,2017,475
1354,2017,475
1361,2017,475
1370,2017,475
1379,2017,475
1380,2017,475
1408,2017,475
1420,2017,475
1421,2017,475
1423,2017,475
1442,2017,475
1502,2017,475
1503,2017,475
1504,2017,475
1505,2017,475
1506,2017,475
1507,2017,475
1508,2017,475
1509,2017,475
1510,2017,475
1511,2017,475
1512,2017,475
4000,2023,481
4001,2023,481
4002,2023,481
4003,2023,481
4004,2019,475
4005,2019,475
4006,2019,475
4008,2019,475
4009,2019,475
4009,2021,235
4010,2019,475
4010,2021,235
4010,2023,481
4011,2023,481
4012,2019,475
4012,2023,481
4015,2019,475
4015,2023,481
4016,2019,475
4016,2023,481
4017,2021,235
4017,2023,481
4018,2019,475
4018,2021,235
4018,2023,481
4020,2019,475
4020,2021,235
4021,2019,475
4021,2021,235
4021,2023,481
4022,2021,235
4023,2019,475
4023,2021,235
4023,2023,481
4024,2023,481
4025,2019,475
4025,2021,235
4026,2019,475
4026,2021,235
4026,2023,481
4027,2019,475
4027,2021,235
4027,2023,481
4028,2019,475
4030,2021,235
4030,2023,481
4031,2019,475
4031,2021,235
4031,2023,481
4032,2019,475
4032,2021,235
4033,2019,475
4034,2023,481
4035,2021,235
4036,2019,475
4036,2021,235
4037,2019,475
4038,2019,475
4038,2023,481
4040,2021,235
4040,2023,481
4041,2021,235
4042,2019,475
4042,2021,235
4044,2021,235
4044,2023,481
4045,2019,475
4045,2023,481
4046,2023,481
4047,2023,481
4048,2019,475
4048,2021,235
4050,2019,475
4051,2019,475
4051,2023,481
4052,2019,475
4052,2023,481
4053,2019,475
4053,2023,481
4055,2023,481
4056,2023,481
4057,2019,475
4057,2021,235
4057,2023,481
4058,2019,475
4060,2019,475
4063,2019,475
4063,2021,235
4064,2023,481
4065,2019,475
4067,2019,475
4069,2019,475
4069,2023,481
4070,2019,475
4072,2019,475
4072,2021,235
4073,2021,235
4073,2023,481
4074,2019,475
4076,2019,475
4077,2019,475
4077,2021,235
4078,2021,235
4079,2023,481
4080,2019,475
4081,2019,475
4081,2021,235
4083,2019,475
4084,2023,481
4087,2021,235
4089,2019,475
4089,2021,235
4089,2023,481
4090,2023,481
4093,2019,475
4093,2023,481
4095,2023,481
4096,2021,235
4097,2019,475
4098,2023,481
4099,2021,235
4099,2023,481
4100,2023,481
4101,2021,235
4101,2023,481
4102,2023,481
4103,2023,481
4104,2023,481
4105,2019,475
4106,2023,481
4107,2019,475
4107,2023,481
4108,2021,235
4108,2023,481
4109,2021,235
4109,2023,481
4111,2019,475
4111,2023,481
4112,2019,475
4112,2023,481
4114,2019,475
4114,2021,235
4114,2023,481
4116,2019,475
4116,2021,235
4116,2023,481
4117,2023,481
4118,2019,475
4118,2021,235
4118,2023,481
4119,2019,475
4121,2019,475
4121,2023,481
4122,2023,481
4123,2023,481
4124,2019,475
4124,2023,481
4125,2019,475
4125,2023,481
4128,2023,481
4130,2019,475
4130,2023,481
4131,2021,235
4131,2023,481
4132,2021,235
4133,2021,235
4133,2023,481
4134,2021,235
4135,2019,475
4135,2023,481
4137,2019,475
4137,2023,481
4138,2023,481
4140,2019,475
4140,2023,481
4141,2023,481
4142,2019,475
4143,2019,475
4143,2023,481
4144,2019,475
4146,2019,475
4146,2021,235
4147,2023,481
4148,2021,235
4148,2023,481
4150,2021,235
4150,2023,481
4151,2021,235
4152,2019,475
4152,2023,481
4153,2019,475
4153,2023,481
4154,2019,475
4154,2021,235
4154,2023,481
4155,2021,235
4155,2023,481
4156,2019,475
4156,2023,481
4157,2019,475
4157,2023,481
4158,2019,475
4158,2021,235
4159,2023,481
4160,2019,475
4161,2019,475
4161,2023,481
4162,2019,475
4162,2023,481
4163,2019,475
4163,2023,481
4164,2019,475
4164,2023,481
4165,2019,475
4165,2023,481
4166,2019,475
4166,2021,235
4167,2019,475
4167,2023,481
4168,2021,235
4168,2023,481
4169,2023,481
4171,2019,475
4171,2023,481
4172,2023,481
4173,2023,481
4174,2023,481
4175,2021,235
4176,2019,475
4176,2023,481
4177,2021,235
4177,2023,481
4178,2019,475
4179,2023,481
4180,2019,475
4181,2019,475
4182,2019,475
4183,2019,475
4183,2023,481
4184,2019,475
4185,2019,475
4185,2021,235
4185,2023,481
4186,2023,481
4187,2019,475
4187,2023,481
4188,2019,475
4188,2021,235
4188,2023,481
4189,2019,475
4189,2023,481
4190,2023,481
4191,2021,235
4191,2023,481
4192,2023,481
4193,2023,481
4194,2019,475
4194,2023,481
4195,2021,235
4195,2023,481
4196,2023,481
4197,2019,475
4197,2023,481
4198,2019,475
4199,2019,475
4200,2019,475
4200,2023,481
4202,2019,475
4202,2021,235
4203,2019,475
4204,2019,475
4204,2023,481
4205,2019,475
4205,2021,235
4205,2023,481
4206,2019,475
4206,2023,481
4207,2019,475
4207,2023,481
4208,2019,475
4208,2023,481
4209,2019,475
4209,2023,481
4210,2021,235
4211,2021,235
4211,2023,481
4213,2019,475
4213,2023,481
4214,2019,475
4214,2021,235
4215,2021,235
4216,2021,235
4216,2023,481
4217,2019,475
4217,2021,235
4217,2023,481
4218,2023,481
4220,2019,475
4220,2023,481
4221,2019,475
4221,2021,235
4222,2023,481
4224,2021,235
4224,2023,481
4225,2023,481
4226,2019,475
4226,2023,481
4227,2023,481
4228,2019,475
4229,2019,475
4231,2019,475
4232,2019,475
4232,2021,235
4233,2019,475
4233,2021,235
4233,2023,481
4234,2019,475
4234,2023,481
4235,2019,475
4235,2021,235
4236,2023,481
4237,2019,475
4237,2021,235
4237,2023,481
4238,2019,475
4238,2021,235
4239,2019,475
4239,2023,481
4240,2019,475
4240,2021,235
4240,2023,481
4241,2019,475
4241,2021,235
4241,2023,481
4243,2019,475
4243,2023,481
4244,2023,481
4245,2019,475
4245,2023,481
4246,2019,475
4246,2021,235
4246,2023,481
4247,2019,475
4248,2019,475
4248,2023,481
4249,2019,475
4250,2021,235
4250,2023,481
4252,2023,481
4254,2019,475
4254,2023,481
4255,2023,481
4257,2021,235
4257,2023,481
4258,2023,481
4259,2019,475
4259,2023,481
4260,2019,475
4260,2021,235
4260,2023,481
4261,2019,475
4261,2023,481
4262,2019,475
4262,2023,481
4263,2019,475
4263,2023,481
4264,2019,475
4264,2023,481
4265,2019,475
4265,2021,235
4266,2019,475
4266,2023,481
4267,2021,235
4267,2023,481
4269,2021,235
4269,2023,481
4270,2019,475
4270,2023,481
4271,2019,475
4271,2023,481
4272,2019,475
4272,2023,481
4273,2021,235
4275,2019,475
4275,2023,481
4276,2019,475
4276,2023,481
4277,2019,475
4278,2019,475
4278,2021,235
4278,2023,481
4279,2019,475
4279,2021,235
4279,2023,481
4280,2019,475
4280,2023,481
4281,2019,475
4281,2021,235
4281,2023,481
4282,2023,481
4284,2023,481
4285,2023,481
4286,2021,235
4286,2023,481
4287,2019,475
4287,2023,481
4288,2019,475
4289,2019,475
4289,2021,235
4289,2023,481
4290,2019,475
4290,2021,235
4290,2023,481
4291,2019,475
4291,2023,481
4292,2021,235
4292,2023,481
4293,2021,235
4294,2019,475
4295,2019,475
4295,2023,481
4296,2019,475
4296,2023,481
4297,2019,475
4297,2023,481
4298,2019,475
4298,2021,235
4298,2023,481
4299,2019,475
4299,2021,235
4299,2023,481
4300,2019,475
4300,2023,481
4301,2019,475
4301,2023,481
4302,2023,481
4303,2021,235
4303,2023,481
4305,2019,475
4305,2021,235
4305,2023,481
4306,2023,481
4307,2019,475
4307,2021,235
4307,2023,481
4308,2019,475
4308,2023,481
4309,2019,475
4309,2023,481
4310,2019,475
4310,2021,235
4310,2023,481
4311,2019,475
4311,2021,235
4311,2023,481
4312,2019,475
4313,2019,475
4313,2023,481
4315,2019,475
4315,2021,235
4315,2023,481
4316,2019,475
4316,2023,481
4317,2019,475
4317,2021,235
4317,2023,481
4318,2019,475
4318,2021,235
4318,2023,481
4319,2019,475
4319,2023,481
4320,2019,475
4321,2019,475
4322,2019,475
4322,2021,235
4322,2023,481
4323,2019,475
4324,2019,475
4325,2021,235
4325,2023,481
4326,2019,475
4326,2021,235
4326,2023,481
4327,2019,475
4327,2023,481
4328,2019,475
4328,2023,481
4329,2019,475
4329,2021,235
4330,2019,475
4330,2021,235
4331,2019,475
4331,2023,481
4332,2019,475
4333,2019,475
4333,2023,481
4334,2019,475
4334,2023,481
4335,2023,481
4336,2021,235
4336,2023,481
4337,2023,481
4339,2019,475
4339,2021,235
4339,2023,481
4340,2019,475
4340,2023,481
4341,2019,475
4341,2021,235
4342,2019,475
4342,2021,235
4342,2023,481
4343,2019,475
4343,2021,235
4343,2023,481
4344,2019,475
4345,2019,475
4345,2021,235
4345,2023,481
4346,2019,475
4346,2021,235
4346,2023,481
4347,2021,235
4347,2023,481
4348,2019,475
4348,2021,235
4348,2023,481
4349,2019,475
4349,2023,481
4350,2023,481
4351,2019,475
4351,2023,481
4352,2019,475
4352,2023,481
4353,2019,475
4353,2021,235
4353,2023,481
4354,2021,235
4354,2023,481
4355,2019,475
4355,2021,235
4355,2023,481
4356,2019,475
4356,2023,481
4357,2021,235
4359,2023,481
4360,2021,235
4361,2019,475
4361,2021,235
4361,2023,481
4362,2019,475
4363,2019,475
4363,2021,235
4364,2019,475
4364,2023,481
4365,2019,475
4366,2021,235
4366,2023,481
4367,2019,475
4367,2023,481
4368,2019,475
4368,2023,481
4369,2021,235
4369,2023,481
4370,2019,475
4370,2023,481
4371,2019,475
4371,2023,481
4372,2019,475
4372,2023,481
4373,2019,475
4374,2023,481
4375,2019,475
4375,2021,235
4375,2023,481
4376,2019,475
4376,2023,481
4377,2019,475
4377,2023,481
4378,2019,475
4378,2023,481
4379,2019,475
4379,2021,235
4380,2019,475
4380,2021,235
4380,2023,481
4381,2019,475
4381,2023,481
4382,2019,475
4382,2021,235
4382,2023,481
4383,2019,475
4383,2023,481
4384,2019,475
4384,2023,481
4385,2019,475
4385,2021,235
4385,2023,481
4386,2021,235
4386,2023,481
4387,2019,475
4387,2021,235
4387,2023,481
4388,2019,475
4388,2021,235
4388,2023,481
4389,2019,475
4389,2021,235
4389,2023,481
4390,2021,235
4391,2019,475
4391,2023,481
4392,2019,475
4392,2021,235
4392,2023,481
4393,2019,475
4393,2021,235
4394,2021,235
4394,2023,481
4395,2019,475
4395,2023,481
4396,2019,475
4396,2021,235
4396,2023,481
4397,2019,475
4397,2021,235
4397,2023,481
4398,2019,475
4399,2019,475
4399,2021,235
4399,2023,481
4400,2019,475
4400,2023,481
4401,2019,475
4401,2023,481
4402,2019,475
4402,2021,235
4402,2023,481
4403,2023,481
4404,2019,475
4404,2021,235
4404,2023,481
4405,2019,475
4405,2021,235
4406,2019,475
4406,2021,235
4407,2019,475
4407,2023,481
4408,2019,475
4408,2021,235
4409,2019,475
4409,2023,481
4410,2019,475
4410,2023,481
4411,2019,475
4411,2021,235
4411,2023,481
4412,2019,475
4413,2019,475
4413,2023,481
4414,2023,481
4415,2021,235
4415,2023,481
4417,2019,475
4419,2023,481
4420,2019,475
4421,2019,475
4422,2023,481
4423,2019,475
4424,2019,475
4424,2023,481
4425,2023,481
4426,2019,475
4426,2023,481
4427,2019,475
4427,2023,481
4428,2019,475
4428,2021,235
4429,2021,235
4430,2019,475
4430,2023,481
4431,2019,475
4432,2019,475
4433,2019,475
4434,2019,475
4437,2019,475
4440,2019,475
4441,2019,475
4500,2023,481
4503,2019,475
4513,2019,475
4514,2019,475
4515,2019,475
4517,2019,475
4518,2019,475
5000,2019,475
5001,2019,475
5001,2023,481
5002,2019,475
5002,2023,481
5003,2019,475
5003,2021,235
5004,2019,475
5005,2021,235
5006,2019,475
5007,2019,475
5007,2023,481
5008,2019,475
5009,2019,475
5009,2021,235
5010,2019,475
5010,2021,235
5010,2023,481
5011,2021,235
5011,2023,481
5014,2023,481
5015,2019,475
5015,2021,235
5015,2023,481
5016,2019,475
5016,2021,235
5017,2019,475
5017,2021,235
5017,2023,481
5018,2021,235
5018,2023,481
5019,2019,475
5019,2021,235
5019,2023,481
5020,2023,481
5021,2019,475
5021,2021,235
5021,2023,481
5022,2023,481
5023,2019,475
5024,2019,475
5024,2023,481
5025,2019,475
5025,2021,235
5026,2019,475
5026,2023,481
5027,2019,475
5027,2023,481
5028,2021,235
5028,2023,481
5029,2021,235
5029,2023,481
5030,2019,475
5030,2021,235
5031,2019,475
5032,2019,475
5032,2023,481
5033,2023,481
5035,2019,475
5035,2021,235
5036,2023,481
5037,2019,475
5037,2021,235
5038,2023,481
5039,2019,475
5039,2023,481
5040,2019,475
5040,2023,481
5041,2019,475
5042,2019,475
5042,2023,481
5043,2019,475
5043,2023,481
5044,2019,475
5044,2021,235
5045,2019,475
5046,2021,235
5046,2023,481
5047,2019,475
5047,2023,481
5048,2021,235
5048,2023,481
5050,2019,475
5050,2023,481
5051,2019,475
5051,2021,235
5051,2023,481
5052,2023,481
5053,2019,475
5053,2021,235
5053,2023,481
5054,2019,475
5054,2023,481
5055,2019,475
5056,2019,475
5056,2021,235
5056,2023,481
5057,2021,235
5058,2023,481
5060,2021,235
5060,2023,481
5061,2019,475
5061,2023,481
5062,2023,481
5063,2019,475
5064,2019,475
5065,2023,481
5066,2019,475
5067,2019,475
5068,2023,481
5069,2019,475
5069,2021,235
5072,2019,475
5072,2021,235
5072,2023,481
5073,2019,475
5074,2019,475
5074,2021,235
5075,2019,475
5076,2019,475
5077,2021,235
5078,2019,475
5078,2023,481
5079,2021,235
5080,2019,475
5080,2023,481
5081,2019,475
5081,2023,481
5083,2019,475
5083,2023,481
5085,2023,481
5086,2021,235
5087,2019,475
5088,2019,475
5088,2021,235
5089,2019,475
5089,2021,235
5090,2019,475
5090,2021,235
5091,2023,481
5093,2019,475
5093,2023,481
5094,2019,475
5094,2023,481
5095,2021,235
5096,2019,475
5096,2023,481
5097,2023,481
5099,2019,475
5100,2019,475
5100,2021,235
5100,2023,481
5101,2023,481
5102,2019,475
5102,2021,235
5102,2023,481
5103,2021,235
5104,2021,235
5104,2023,481
5105,2019,475
5105,2023,481
5107,2021,235
5107,2023,481
5108,2019,475
5109,2023,481
5110,2023,481
5111,2019,475
5111,2023,481
5112,2019,475
5112,2023,481
5113,2019,475
5113,2021,235
5114,2019,475
5114,2023,481
5115,2023,481
5116,2019,475
5116,2021,235
5116,2023,481
5117,2023,481
5118,2019,475
5118,2021,235
5121,2021,235
5121,2023,481
5122,2019,475
5122,2023,481
5123,2019,475
5123,2021,235
5123,2023,481
5124,2021,235
5125,2019,475
5126,2019,475
5127,2023,481
5128,2021,235
5129,2019,475
5129,2023,481
5130,2021,235
5130,2023,481
5131,2019,475
5131,2023,481
5132,2019,475
5132,2023,481
5133,2019,475
5133,2023,481
5134,2023,481
5135,2019,475
5135,2023,481
5136,2019,475
5136,2023,481
5137,2021,235
5137,2023,481
5140,2021,235
5142,2019,475
5142,2023,481
5143,2019,475
5143,2023,481
5144,2019,475
5144,2023,481
5145,2019,475
5145,2023,481
5146,2023,481
5147,2019,475
5147,2021,235
5148,2021,235
5149,2019,475
5149,2021,235
5149,2023,481
5151,2023,481
5152,2019,475
5152,2021,235
5152,2023,481
5153,2023,481
5154,2021,235
5154,2023,481
5155,2019,475
5155,2023,481
5156,2019,475
5156,2023,481
5157,2021,235
5157,2023,481
5158,2019,475
5159,2023,481
5160,2023,481
5161,2019,475
5161,2023,481
5162,2019,475
5162,2021,235
5163,2019,475
5163,2021,235
5163,2023,481
5164,2019,475
5164,2021,235
5165,2019,475
5165,2023,481
5166,2019,475
5166,2021,235
5166,2023,481
5167,2019,475
5167,2021,235
5167,2023,481
5168,2021,235
5168,2023,481
5169,2019,475
5169,2023,481
5170,2023,481
5171,2019,475
5171,2023,481
5172,2021,235
5172,2023,481
5173,2023,481
5174,2023,481
5175,2019,475
5175,2023,481
5177,2019,475
5177,2021,235
5177,2023,481
5178,2019,475
5179,2023,481
5180,2021,235
5180,2023,481
5181,2021,235
5181,2023,481
5182,2019,475
5182,2023,481
5183,2019,475
5183,2023,481
5184,2021,235
5184,2023,481
5185,2021,235
5185,2023,481
5186,2023,481
5188,2019,475
5188,2021,235
5188,2023,481
5189,2021,235
5189,2023,481
5190,2021,235
5191,2023,481
5192,2023,481
5194,2021,235
5195,2019,475
5197,2019,475
5197,2021,235
5198,2019,475
5198,2023,481
5199,2019,475
5201,2019,475
5202,2019,475
5203,2019,475
5203,2023,481
5204,2019,475
5205,2019,475
5205,2023,481
5206,2019,475
5208,2023,481
5209,2023,481
5210,2019,475
5210,2023,481
5211,2021,235
5212,2021,235
5212,2023,481
5213,2019,475
5213,2023,481
5214,2019,475
5214,2023,481
5215,2019,475
5215,2021,235
5215,2023,481
5216,2019,475
5216,2023,481
5217,2023,481
5218,2019,475
5218,2021,235
5218,2023,481
5219,2023,481
5220,2023,481
5221,2019,475
5221,2023,481
5222,2023,481
5223,2023,481
5224,2019,475
5225,2023,481
5226,2019,475
5226,2023,481
5227,2019,475
5228,2019,475
5228,2023,481
5229,2023,481
5230,2019,475
5230,2021,235
5232,2019,475
5232,2023,481
5234,2023,481
5235,2019,475
5235,2021,235
5235,2023,481
5236,2019,475
5236,2023,481
5237,2021,235
5237,2023,481
5238,2019,475
5240,2019,475
5240,2021,235
5240,2023,481
5241,2021,235
5241,2023,481
5242,2019,475
5242,2021,235
5242,2023,481
5243,2019,475
5243,2023,481
5244,2019,475
5245,2019,475
5247,2019,475
5248,2019,475
5248,2023,481
5249,2019,475
5249,2023,481
5250,2019,475
5250,2021,235
5250,2023,481
5251,2019,475
5251,2023,481
5252,2019,475
5252,2023,481
5253,2019,475
5254,2019,475
5255,2023,481
5256,2023,481
5257,2019,475
5257,2023,481
5258,2023,481
5260,2023,481
5261,2019,475
5261,2023,481
5263,2021,235
5264,2019,475
5265,2019,475
5265,2023,481
5266,2021,235
5266,2023,481
5267,2019,475
5267,2023,481
5268,2021,235
5268,2023,481
5270,2023,481
5272,2019,475
5272,2021,235
5272,2023,481
5273,2019,475
5273,2023,481
5274,2019,475
5274,2021,235
5275,2019,475
5275,2021,235
5275,2023,481
5277,2021,235
5278,2019,475
5279,2023,481
5280,2023,481
5281,2019,475
5281,2023,481
5282,2019,475
5282,2023,481
5284,2019,475
5285,2021,235
5285,2023,481
5286,2019,475
5287,2019,475
5287,2023,481
5288,2019,475
5288,2023,481
5289,2019,475
5289,2021,235
5289,2023,481
5290,2023,481
5291,2019,475
5291,2021,235
5291,2023,481
5292,2019,475
5293,2019,475
5293,2023,481
5295,2019,475
5295,2023,481
5296,2019,475
5296,2023,481
5297,2019,475
5297,2023,481
5299,2019,475
5299,2021,235
5300,2019,475
5300,2021,235
5300,2023,481
5301,2019,475
5302,2019,475
5303,2019,475
5303,2023,481
5304,2019,475
5304,2021,235
5304,2023,481
5305,2019,475
5306,2019,475
5307,2019,475
5307,2023,481
5308,2021,235
5310,2019,475
5310,2021,235
5311,2019,475
5313,2019,475
5313,2023,481
5314,2019,475
5316,2019,475
5316,2021,235
5316,2023,481
5317,2019,475
5317,2021,235
5317,2023,481
5318,2023,481
5319,2019,475
5319,2023,481
5320,2019,475
5320,2021,235
5320,2023,481
5321,2019,475
5322,2019,475
5322,2023,481
5323,2019,475
5323,2021,235
5323,2023,481
5324,2019,475
5324,2023,481
5325,2019,475
5326,2019,475
5326,2023,481
5327,2019,475
5327,2023,481
5328,2019,475
5328,2023,481
5329,2023,481
5331,2021,235
5332,2019,475
5332,2021,235
5333,2021,235
5333,2023,481
5334,2019,475
5334,2023,481
5335,2019,475
5335,2023,481
5336,2021,235
5337,2019,475
5337,2023,481
5338,2019,475
5339,2019,475
5339,2021,235
5339,2023,481
5341,2019,475
5342,2019,475
5342,2023,481
5343,2019,475
5343,2021,235
5343,2023,481
5344,2023,481
5345,2019,475
5345,2023,481
5346,2021,235
5346,2023,481
5347,2019,475
5347,2023,481
5348,2023,481
5349,2019,475
5349,2021,235
5350,2019,475
5350,2023,481
5351,2019,475
5351,2023,481
5352,2019,475
5352,2023,481
5353,2019,475
5353,2023,481
5354,2019,475
5354,2023,481
5355,2019,475
5355,2023,481
5356,2021,235
5356,2023,481
5357,2023,481
5358,2019,475
5358,2021,235
5359,2019,475
5359,2021,235
5359,2023,481
5360,2019,475
5361,2021,235
5362,2019,475
5362,2021,235
5362,2023,481
5363,2019,475
5363,2021,235
5363,2023,481
5364,2019,475
5364,2023,481
5365,2019,475
5365,2023,481
5366,2019,475
5366,2021,235
5366,2023,481
5367,2019,475
5367,2023,481
5368,2019,475
5368,2023,481
5369,2023,481
5370,2019,475
5371,2019,475
5372,2019,475
5372,2021,235
5372,2023,481
5373,2019,475
5373,2021,235
5373,2023,481
5374,2021,235
5374,2023,481
5375,2019,475
5376,2019,475
5376,2023,481
5377,2019,475
5377,2021,235
5377,2023,481
5379,2019,475
5380,2021,235
5381,2021,235
5383,2021,235
5383,2023,481
5384,2019,475
5384,2023,481
5385,2019,475
5386,2019,475
5386,2023,481
5387,2019,475
5388,2019,475
5388,2023,481
5389,2019,475
5389,2023,481
5390,2019,475
5391,2019,475
5392,2019,475
5392,2023,481
5393,2019,475
5393,2021,235
5394,2019,475
5394,2023,481
5395,2023,481
5396,2019,475
5396,2023,481
5397,2019,475
5397,2021,235
5398,2019,475
5398,2021,235
5398,2023,481
5399,2021,235
5399,2023,481
5400,2021,235
5401,2023,481
5402,2019,475
5402,2021,235
5402,2023,481
5403,2019,475
5403,2021,235
5403,2023,481
5404,2019,475
5405,2021,235
5405,2023,481
5406,2019,475
5407,2019,475
5408,2019,475
5408,2021,235
5408,2023,481
5409,2019,475
5410,2023,481
5411,2023,481
5412,2019,475
5412,2023,481
5413,2019,475
5413,2023,481
5414,2019,475
5414,2021,235
5414,2023,481
5415,2019,475
5416,2019,475
5416,2021,235
5416,2023,481
5419,2021,235
5419,2023,481
5420,2019,475
5420,2021,235
5420,2023,481
5421,2019,475
5422,2023,481
5423,2019,475
5423,2021,235
5423,2023,481
5425,2023,481
5426,2019,475
5426,2023,481
5427,2019,475
5427,2021,235
5427,2023,481
5428,2021,235
5428,2023,481
5429,2019,475
5429,2023,481
5430,2019,475
5431,2019,475
5431,2021,235
5431,2023,481
5432,2019,475
5432,2021,235
5433,2019,475
5433,2023,481
5434,2019,475
5434,2023,481
5435,2019,475
5435,2021,235
5435,2023,481
5436,2019,475
5436,2023,481
5437,2019,475
5437,2021,235
5438,2019,475
5438,2021,235
5438,2023,481
5439,2019,475
5439,2023,481
5441,2019,475
5441,2023,481
5442,2023,481
5443,2019,475
5443,2021,235
5444,2019,475
5444,2021,235
5445,2019,475
5448,2023,481
5449,2021,235
5449,2023,481
5450,2019,475
5450,2021,235
5450,2023,481
5451,2019,475
5451,2021,235
5451,2023,481
5452,2019,475
5452,2023,481
5453,2019,475
5453,2023,481
5454,2023,481
5455,2023,481
5456,2023,481
5457,2021,235
5459,2021,235
5461,2021,235
5464,2021,235
5465,2021,235
5466,2021,235
5467,2021,235
5468,2021,235
5469,2021,235
5470,2021,235
5471,2021,235
5473,2021,235
5474,2021,235
5475,2021,235
5500,2023,481
5501,2023,481
5502,2023,481
6000,2017,475
6001,2017,475
6003,2017,475
6004,2017,475
6005,2017,475
6006,2017,475
6007,2017,475
6009,2017,475
6013,2017,475
6014,2017,475
6015,2017,475
6016,2017,475
6018,2017,475
6019,2017,475
6020,2017,475
6022,2017,475
6023,2017,475
6024,2017,475
6025,2017,475
6026,2017,475
6027,2017,475
6028,2017,475
6029,2017,475
6030,2017,475
6031,2017,475
6032,2017,475
6033,2017,475
6034,2017,475
6035,2017,475
6036,2017,475
6037,2017,475
6038,2017,475
6040,2017,475
6041,2017,475
6042,2017,475
6043,2017,475
6044,2017,475
6045,2017,475
6046,2017,475
6047,2017,475
6048,2017,475
6049,2017,475
6050,2017,475
6051,2017,475
6052,2017,475
6053,2017,475
6054,2017,475
6055,2017,475
6056,2017,475
6057,2017,475
6058,2017,475
6059,2017,475
6060,2017,475
6062,2017,475
6063,2017,475
6064,2017,475
6065,2017,475
6066,2017,475
6067,2017,475
6068,2017,475
6070,2017,475
6071,2017,475
6073,2017,475
6074,2017,475
6075,2017,475
6076,2017,475
6077,2017,475
6079,2017,475
6080,2017,475
6081,2017,475
6082,2017,475
6084,2017,475
6085,2017,475
6086,2017,475
6087,2017,475
6088,2017,475
6089,2017,475
6090,2017,475
6092,2017,475
6093,2017,475
6094,2017,475
6095,2017,475
6096,2017,475
6097,2017,475
6098,2017,475
6099,2017,475
6101,2017,475
6102,2017,475
6103,2017,475
6105,2017,475
6106,2017,475
6107,2017,475
6109,2017,475
6110,2017,475
6111,2017,475
6113,2017,475
6114,2017,475
6115,2017,475
6116,2017,475
6117,2017,475
6118,2017,475
6119,2017,475
6120,2017,475
6121,2017,475
6122,2017,475
6123,2017,475
6124,2017,475
6125,2017,475
6127,2017,475
6128,2017,475
6129,2017,475
6130,2017,475
6131,2017,475
6134,2017,475
6135,2017,475
6136,2017,475
6137,2017,475
6138,2017,475
6139,2017,475
6140,2017,475
6141,2017,475
6142,2017,475
6143,2017,475
6144,2017,475
6146,2017,475
6147,2017,475
6148,2017,475
6149,2017,475
6150,2017,475
6151,2017,475
6152,2017,475
6153,2017,475
6156,2017,475
6159,2017,475
6160,2017,475
6161,2017,475
6162,2017,475
6163,2017,475
6164,2017,475
6165,2017,475
6167,2017,475
6168,2017,475
6169,2017,475
6170,2017,475
6171,2017,475
6173,2017,475
6175,2017,475
6176,2017,475
6177,2017,475
6179,2017,475
6181,2017,475
6182,2017,475
6183,2017,475
6184,2017,475
6185,2017,475
6186,2017,475
6187,2017,475
6188,2017,475
6189,2017,475
6191,2017,475
6192,2017,475
6193,2017,475
6194,2017,475
6195,2017,475
6196,2017,475
6197,2017,475
6198,2017,475
6199,2017,475
6200,2017,475
6201,2017,475
6202,2017,475
6203,2017,475
6206,2017,475
6207,2017,475
6208,2017,475
6209,2017,475
6210,2017,475
6212,2017,475
6213,2017,475
6214,2017,475
6215,2017,475
6216,2017,475
6217,2017,475
6218,2017,475
6219,2017,475
6222,2017,475
6223,2017,475
6225,2017,475
6226,2017,475
6227,2017,475
6228,2017,475
6229,2017,475
6231,2017,475
6232,2017,475
6233,2017,475
6234,2017,475
6235,2017,475
6236,2017,475
6237,2017,475
6238,2017,475
6239,2017,475
6240,2017,475
6241,2017,475
6242,2017,475
6243,2017,475
6244,2017,475
6246,2017,475
6248,2017,475
6256,2017,475
6258,2017,475
6259,2017,475
6264,2017,475
6278,2017,475
6279,2017,475
6281,2017,475
6302,2017,475
6303,2017,475
6331,2017,475
6352,2017,475
6354,2017,475
6356,2017,475
6360,2017,475
6372,2017,475
6379,2017,475
6391,2017,475
6392,2017,475
6403,2017,475
6404,2017,475
6411,2017,475
6423,2017,475
6426,2017,475
6430,2017,475
6431,2017,475
6432,2017,475
6433,2017,475
6435,2017,475
6900,2017,475
9001,2019,475
9002,2019,475
9003,2019,475
9004,2019,475
9005,2019,475
9006,2019,475
9007,2019,475
9008,2019,475
9009,2019,475
9010,2019,475
9011,2019,475
9012,2019,475
9013,2019,475
9014,2019,475
9015,2019,475
9016,2019,475
9017,2019,475
9018,2019,475
9019,2019,475
9020,2019,475
9021,2019,475
9022,2019,475
9023,2019,475
9024,2019,475
9025,2019,475
9026,2019,475
9028,2019,475
9029,2019,475
9030,2019,475
9031,2019,475
9032,2019,475
9033,2019,475
9034,2019,475
9035,2019,475
9037,2019,475
9038,2019,475
9040,2019,475
9050,2019,475
9060,2019,475
9072,2019,475
9075,2019,475
9076,2019,475
9101,2019,475
9102,2019,475
9103,2019,475
9104,2019,475
9105,2019,475
9106,2019,475
9107,2019,475
9108,2019,475
9109,2019,475
9110,2019,475
9111,2019,475
9112,2019,475
9113,2019,475
9115,2019,475
9117,2019,475
9120,2019,475
9123,2019,475
9124,2019,475
9125,2019,475
9126,2019,475
9127,2019,475
9128,2019,475
9129,2019,475
9131,2019,475
9132,2019,475
9133,2019,475
9134,2019,475
9135,2019,475
9141,2019,475
9142,2019,475
9143,2019,475
9144,2019,475
9145,2019,475
9146,2019,475
9147,2019,475
9149,2019,475
9152,2019,475
9153,2019,475
9154,2019,475
9155,2019,475
9171,2019,475
9172,2019,475
